{
  "master_scene": "S1A_IW_SLC__1SDV_20251008T142348_20251008T142415_061335_07A723_19F9",
  "slave_scene": "S1A_IW_SLC__1SDV_20251008T142503_20251008T142520_061335_07A723_4BC6",
  "swath": "IW2",
  "temporal_baseline_days": 0,
  "lat_bounds": [
    35.58282413021865,
    41.05568862818752
  ],
  "lon_bounds": [
    -126.203349388752,
    -123.9469767227878
  ],
  "grid_shape": [
    5473,
    2257
  ],
  "coherence_stats": {
    "min": 0.3004996180534363,
    "max": 1.0,
    "mean": 0.7859634757041931
  },
  "displacement_stats": {
    "min": -13.280524253845215,
    "max": 6.317649841308594,
    "mean": -2.000908136367798,
    "units": "millimeters"
  },
  "processing_timestamp": "2025-11-11T00:14:58.793327"
}